2018-03-16 20:41:51,RT @TRT5Bahia: O  novo sistema de notifica√ß√µes eletr√¥nicas do #PJe  foi apresentado nesta quinta (15/3) em um evento no TRT5-BA para  repre‚Ä¶
2018-03-16 20:40:18,RT @TRT5Bahia: O  novo sistema de notifica√ß√µes eletr√¥nicas do #PJe  foi apresentado nesta quinta (15/3) em um evento no TRT5-BA para  repre‚Ä¶
2018-03-16 20:40:15,"TRT suspende prazos de 22 a 25 de mar√ßo para atualiza√ß√£o do sistema. Al√©m disso, informa que na pr√≥xima ter√ßa-feira‚Ä¶ https://t.co/GBzVkEajZ8"
2018-03-16 20:34:06,O  novo sistema de notifica√ß√µes eletr√¥nicas do #PJe  foi apresentado nesta quinta (15/3) em um evento no TRT5-BA pa‚Ä¶ https://t.co/trL4lYrA2m
2018-03-16 20:22:59,"RT @TRT6_PE: Escola Judicial inicia s√©rie de 18 webconfer√™ncias sobre nova vers√£o do PJe
https://t.co/pFiQlDBPP2
#CurtaTRTPE #TRT6 #TRTPE #‚Ä¶"
2018-03-16 19:53:30,Quando o PJe al√©m de n√£o te ajudar ainda te provoca https://t.co/r8MKRW4FQ0
2018-03-16 19:37:36,"RT @csjt_oficial: üì≤ Conhe√ßa o JTe-Mobile, aplicativo desenvolvido pelo @TRT5Bahia e nacionalizado pelo @csjt_oficial https://t.co/aspDMCaTU‚Ä¶"
2018-03-16 19:34:05,TJRO publica resolu√ß√£o que autoriza o presidente do √≥rg√£o a postular junto ao CNJ permiss√£o para substituir o siste‚Ä¶ https://t.co/GcrXVnDT4k
2018-03-16 19:32:36,"Escola Judicial inicia s√©rie de 18 webconfer√™ncias sobre nova vers√£o do PJe
https://t.co/pFiQlDBPP2
#CurtaTRTPE‚Ä¶ https://t.co/0Vd9SoY9Zf"
2018-03-16 18:13:37,Indisponibilidade programada do PJe do TJMG neste s√°bado. #PJe #TJMG #OABMG https://t.co/tEYBwseHpz
2018-03-16 18:08:44,"RT @tjmgoficial: A partir de 25/06/2018, o #PJe chega a Belo Vale, Estrela do Sul, Ferros, Visconde do Rio Branco e S√£o Domingos do Prata.‚Ä¶"
2018-03-16 18:06:24,"RT @tjmgoficial: A partir de 25/06/2018, o #PJe chega a Belo Vale, Estrela do Sul, Ferros, Visconde do Rio Branco e S√£o Domingos do Prata.‚Ä¶"
2018-03-16 18:05:20,TJMG anuncia expans√£o do PJe para mais 5 comarcas a partir de 25/06/2018. #PJe #TJMG #OABMG https://t.co/wrdHyHlPNF
2018-03-16 18:00:42,"A partir de 25/06/2018, o #PJe chega a Belo Vale, Estrela do Sul, Ferros, Visconde do Rio Branco e S√£o Domingos do‚Ä¶ https://t.co/qkUVBmkJV1"
2018-03-16 17:59:19,"Ato converge com a mensagem passada por Walter Waltenberg Silva J√∫nior em visita realizada √† OAB/RO, no √∫ltimo... https://t.co/ZoahA3iGuD"
2018-03-16 17:59:04,TJRO publica resolu√ß√£o que autoriza o presidente do √≥rg√£o a postular junto ao CNJ permiss√£o para substituir o siste‚Ä¶ https://t.co/v9SHuiovmn
2018-03-16 17:36:37,quem gosta de pje nem gente √©
2018-03-16 17:32:05,TJRO publica resolu√ß√£o que autoriza o presidente do √≥rg√£o a postular junto ao CNJ permiss√£o para substituir o siste‚Ä¶ https://t.co/ZxkJtdckDs
2018-03-16 16:31:06,"As intima√ß√µes s√£o feitas diretamente ao advogado pela internet, j√° que a√ß√µes trabalhistas s√£o feitas pelo sistema P‚Ä¶ https://t.co/3PLtFpTooR"
2018-03-16 16:15:17,GIRO TRT5: Algumas unidades do TRT5 ter√£o expedientes suspensos para treinamento do PJE: https://t.co/O6l7OkziiH via @YouTube
2018-03-16 16:14:14,"Se n√£o me engana essas intima√ß√µes hoje em dia s√£o feitas pela internet, atrav√©s do sistema PJE, enviadas diretament‚Ä¶ https://t.co/TJ25sUSBhp"
2018-03-16 15:53:08,RT @csjt_oficial: ü•á @TRT3imprensa ser√° o primeiro Regional entre os considerados de grande porte a implantar integralmente o #PJe 2.0 ü•á htt‚Ä¶
2018-03-16 15:31:04,"O pje funciona maravilhoso o tempo todo, ai na hora que vc vai assinar os documentos pra protocolar ele resolve come√ßar a dar erro"
2018-03-16 15:19:06,Empresas podem receber notifica√ß√µes via sitema no PJE: https://t.co/NWEP85TS2h via @YouTube
2018-03-16 14:12:28,Eu desejo um futuro melhor para o Brasil. Mas para o momento tou desejando mesmo √© que o PJe do @CNJ_oficial funcionasse.
2018-03-16 14:00:02,"üì≤ Conhe√ßa o JTe-Mobile, aplicativo desenvolvido pelo @TRT5Bahia e nacionalizado pelo @csjt_oficial‚Ä¶ https://t.co/X5u9CAw9x5"
2018-03-16 13:43:46,Adicionei um v√≠deo a uma playlist @YouTube https://t.co/4DwgtE7zXE 14 Atualiza√ß√£o Multas e Indeniza√ß√µes PJe Calc
2018-03-16 13:34:20,"Aula 1 Criar, Buscar e Importar C√°lculo; Dados do Processo e Par√¢metros do C√°lculo PJe Calc: https://t.co/qsLglCBRK8 via @YouTube"
2018-03-16 13:33:43,Aula 3 Hist√≥rico Salarial PJe Calc: https://t.co/7bi2WB1ob7 via @YouTube
2018-03-16 13:33:40,PJe Calc Cidad√£o Apresenta√ß√£o: https://t.co/ZNrJ4S1iR9 via @YouTube
2018-03-16 13:33:25,Adicionei um v√≠deo a uma playlist @YouTube https://t.co/EQWfm4cBlz 2 Faltas e F√©rias PJe Calc
2018-03-16 13:33:14,Aula 2 Faltas e F√©rias PJe Calc: https://t.co/ojjcDRBbNp via @YouTube
2018-03-16 13:33:08,Adicionei um v√≠deo a uma playlist @YouTube https://t.co/kvhTVSd1md 3 Hist√≥rico Salarial PJe Calc
2018-03-16 13:32:24,Adicionei um v√≠deo a uma playlist @YouTube https://t.co/Nx4Sb0vLCJ 5 Sal√°rio Fam√≠lia e Seguro Desemprego PJe Calc
2018-03-16 13:32:03,"Adicionei um v√≠deo a uma playlist @YouTube https://t.co/FbK6ByIQGm 6 FGTS, Contribui√ß√£o Social e Previd√™ncia Privada PJe Calc"
2018-03-16 13:31:49,Adicionei um v√≠deo a uma playlist @YouTube https://t.co/qBwBtXuYDB 4 Verbas PJe Calc
2018-03-16 13:31:38,"Aula 6 FGTS, Contribui√ß√£o Social e Previd√™ncia Privada PJe Calc: https://t.co/rnA9nhxCnX via @YouTube"
2018-03-16 13:31:31,Adicionei um v√≠deo a uma playlist @YouTube https://t.co/O5Uc0kLGfM 11 Tabelas PJe Calc
2018-03-16 13:31:30,Aula 5 Sal√°rio Fam√≠lia e Seguro Desemprego PJe Calc: https://t.co/fzSu2cmqMw via @YouTube
2018-03-16 13:31:13,Adicionei um v√≠deo a uma playlist @YouTube https://t.co/0dn5bvwWC5 7 Pens√£o Aliment√≠cia e Imposto de Renda PJe Calc
2018-03-16 13:30:56,"Adicionei um v√≠deo a uma playlist @YouTube https://t.co/sLXdMlzDo7 8 Multas e Indeniza√ß√µes, Honor√°rios, Custas Judiciais PJe"
2018-03-16 13:30:44,"Adicionei um v√≠deo a uma playlist @YouTube https://t.co/pHzdMxyyPF 9 Corre√ß√£o Monet√°ria, Juros e Multa PJe Calc"
2018-03-16 13:30:33,Adicionei um v√≠deo a uma playlist @YouTube https://t.co/2h5PPEHjbq 10 Opera√ß√µes PJe Calc
2018-03-16 13:30:11,Adicionei um v√≠deo a uma playlist @YouTube https://t.co/qD16NRdAMj 12 Atualiza√ß√£o Dados do Pagamento PJe Calc
2018-03-16 13:29:52,"Aula 8 Multas e Indeniza√ß√µes, Honor√°rios, Custas Judiciais PJe Calc: https://t.co/NPyR7lqNTY via @YouTube"
2018-03-16 13:29:45,Aula 7 Pens√£o Aliment√≠cia e Imposto de Renda PJe Calc: https://t.co/0VfieuKXIC via @YouTube
2018-03-16 13:29:33,Adicionei um v√≠deo a uma playlist @YouTube https://t.co/sNP1Gsvb47 13 Atualiza√ß√£o Pens√£o Aliment√≠cia PJe Calc
2018-03-16 13:29:09,"Aula 9 Corre√ß√£o Monet√°ria, Juros e Multa PJe Calc: https://t.co/shAqBkErjj via @YouTube"
2018-03-16 13:28:49,Aula 19 Exerc√≠cio PJe Calc: https://t.co/P39Kbe0Zh8 via @YouTube
2018-03-16 13:28:20,Aula 10 Opera√ß√µes PJe Calc: https://t.co/lDebJCNHmH via @YouTube
2018-03-16 13:27:51,Aula 12 Atualiza√ß√£o Dados do Pagamento PJe Calc: https://t.co/a6dCAh9bIW via @YouTube
2018-03-16 13:27:41,Aula 11 Tabelas PJe Calc: https://t.co/LiYB6mZDWR via @YouTube
2018-03-16 13:26:38,Aula 13 Atualiza√ß√£o Pens√£o Aliment√≠cia PJe Calc: https://t.co/mvhElzJfBx via @YouTube
2018-03-16 13:26:37,Aula 15 Atualiza√ß√£o Honor√°rios PJe Calc: https://t.co/CmlZCNTpY2 via @YouTube
2018-03-16 13:26:31,Aula 14 Atualiza√ß√£o Multas e Indeniza√ß√µes PJe Calc: https://t.co/QIsmYsCk9o via @YouTube
2018-03-16 13:26:13,Aula 16 Atualiza√ß√£o Custas Judiciais PJe Calc: https://t.co/QOaG8mbxuO via @YouTube
2018-03-16 13:25:55,Aula 18 Atualiza√ß√£o Imprimir PJe Calc: https://t.co/cVN9YoE7wI via @YouTube
2018-03-16 13:25:54,Adicionei um v√≠deo a uma playlist @YouTube https://t.co/2xGzojzPGj 15 Atualiza√ß√£o Honor√°rios PJe Calc
2018-03-16 13:25:48,Aula 17 Atualiza√ß√£o Liquidar PJe Calc: https://t.co/QMhmQb3l82 via @YouTube
2018-03-16 13:25:37,Adicionei um v√≠deo a uma playlist @YouTube https://t.co/jsO1lwBQil 16 Atualiza√ß√£o Custas Judiciais PJe Calc
2018-03-16 13:25:22,Adicionei um v√≠deo a uma playlist @YouTube https://t.co/JDKn3ZoTai 17 Atualiza√ß√£o Liquidar PJe Calc
2018-03-16 13:25:12,"@annediesel Ent√£o, onde trabalho o PJe t√° meio que no come√ßo, mas j√° d√° pra ver que a tend√™ncia √© melhorar o trem. No come√ßo tava bem pior."
2018-03-16 13:24:47,Adicionei um v√≠deo a uma playlist @YouTube https://t.co/p4eUcjOv33 18 Atualiza√ß√£o Imprimir PJe Calc
2018-03-16 13:23:50,"@mth_uz Eu acho o PJE terr√≠vel, mas t√£o mais simples de mexer em processo digital..."
2018-03-16 13:23:07,Adicionei um v√≠deo a uma playlist @YouTube https://t.co/yEHMi97GEs 19 Exerc√≠cio PJe Calc
2018-03-16 13:07:19,"RT @tjmgoficial: O sistema #PJe (Processo Judicial eletr√¥nico de 1¬™ Inst√¢ncia) fica indispon√≠vel, das 08h √†s 14h do dia 17 de mar√ßo de 2018‚Ä¶"
2018-03-16 13:01:14,"O sistema #PJe (Processo Judicial eletr√¥nico de 1¬™ Inst√¢ncia) fica indispon√≠vel, das 08h √†s 14h do dia 17 de mar√ßo‚Ä¶ https://t.co/oghoChQHhJ"
2018-03-16 13:01:04,meu √≥dio pelo pje (e pelo √¥nus que o trf3 criou a uma institu√ß√£o que n√£o tem condi√ß√µes financeiras de suport√°-lo) s√≥ aumenta. bom dia.
2018-03-16 12:47:01,TRT 01 15/03/2018 - SISTEMA PJe DE 2¬∫ GRAU SOFRER√Å INTERRUP√á√ÉO NO DIA 20/3. #pje #cabellonews https://t.co/atfQAlAV0B
2018-03-16 12:41:45,"Ah pronto, tao querendo implantar outro sistema al√©m do Pje"
2018-03-16 12:28:26,Softplan 15/03/2018 - Artigo: Intelig√™ncia Jur√≠dica e Ci√™ncia de Dados Aplicada √† Justi√ßa. #pje #cabellonews‚Ä¶ https://t.co/S6R9gbE6ir
2018-03-16 12:26:48,OAB RJ 15/03/2018 - Aprenda o novo sistema da Justi√ßa Federal (eproc). #pje #cabellonews   https://t.co/cuY50B1pEx https://t.co/nhjl1O7LB3
2018-03-16 12:25:08,TJ MG 15/03/2018 - S√£o Domingos do Prata se prepara para instalar PJe. #pje #cabellonews https://t.co/xIHuXSBvdE https://t.co/BTsLts0o8K
2018-03-16 12:23:41,TJ MG 15/03/2018 - Grava√ß√£o de audi√™ncias segue para mais comarcas mineiras. #pje #cabellonews‚Ä¶ https://t.co/9iM7620a0W
2018-03-16 12:20:50,TRT 01 15/03/2018 - TRT/RJ RESTABELECE FUNCIONAMENTO ORIGINAL DO E-DOC. #pje #cabellonews https://t.co/avFAm2WCEg
2018-03-16 12:19:22,TRT 01 15/03/2018 - TRT/RJ REGULAMENTA CITA√á√ÉO ELETR√îNICA DE √ìRG√ÉOS DA ADMINISTRA√á√ÉO INDIRETA. #pje #cabellonews https://t.co/oVMVjt6NLk
2018-03-16 12:17:59,TRT 01 15/03/2018 - PJe TER√Å FUNCIONAMENTO INTERROMPIDO PARA INSTALA√á√ÉO DE NOVA VERS√ÉO. #pje #cabellonews https://t.co/27FeKyZGMZ
2018-03-16 12:16:24,TRT 05 15/03/2018 - Empresas poder√£o receber notifica√ß√µes de forma eletr√¥nica no PJe. #pje #cabellonews‚Ä¶ https://t.co/cqTPBBBYtr
2018-03-16 12:14:12,TRT 05 15/03/2018 - Assinador Java Applet ser√° desativado na pr√≥xima segunda-feira (19/3). #pje #cabellonews‚Ä¶ https://t.co/HlIuBZubQ9
2018-03-16 12:02:02,AGU 15/03/2018 - AGU impede que √¥nus da digitaliza√ß√£o de processos seja transferido para partes. #pje #cabellonews https://t.co/WrjdAIri9D
2018-03-16 11:50:47,Gera√ß√£o de boleto para dep√≥sito judicial na Justi√ßa do Trabalho pode ser feito atrav√©s do PJe‚Ä¶ https://t.co/X5pUZKM6YU
2018-03-16 11:36:41,TJ RN 15/03/2018 - Processo Eletr√¥nico (PJe) tem tramita√ß√£o mais r√°pida no Judici√°rio. #pje #cabellonews‚Ä¶ https://t.co/lmdhuUOW1M
2018-03-16 11:30:54,CNJ 15/03/2018 - Manuten√ß√£o pode deixar sistemas do CNJ indispon√≠veis hoje √† noite. #pje #cabellonews‚Ä¶ https://t.co/4IM7JaKDYA
2018-03-16 10:11:06,vcs acham q sabem oq √© teste da paci√™ncia pq nunca precisaram peticionar no PJE
2018-03-16 08:48:57,RT @csjt_oficial: üì± Aplicativo desenvolvido pelo @TRT5Bahia √© implantado em todos os Regionais do pa√≠s e ter√° novos recursos https://t.co/a‚Ä¶
2018-03-16 02:50:26,RT @CNJ_oficial: üíª‚è©‚öñ Processo Judicial Eletr√¥nico (#PJe) tem tramita√ß√£o 48% mais r√°pida em compara√ß√£o com processo f√≠sico: https://t.co/TEF‚Ä¶
2018-03-16 02:30:01,üì± Aplicativo desenvolvido pelo @TRT5Bahia √© implantado em todos os Regionais do pa√≠s e ter√° novos recursos‚Ä¶ https://t.co/X9bLRWt3JF
2018-03-16 02:13:39,RT @csjt_oficial: üÜï ‚öô Nova ferramenta permite emiss√£o de boleto de dep√≥sito judicial diretamente no #PJe ‚öô https://t.co/aRVg2NEXUF https://‚Ä¶
2018-03-16 01:56:03,RT @CNJ_oficial: üíª‚è©‚öñ Processo Judicial Eletr√¥nico (#PJe) tem tramita√ß√£o 48% mais r√°pida em compara√ß√£o com processo f√≠sico: https://t.co/TEF‚Ä¶
2018-03-16 01:17:00,voc√™  ainda fode com meu   cora√ß√£o
2018-03-16 01:04:33,TST: Publica√ß√£o no Di√°rio Eletr√¥nico prevalece sobre intima√ß√£o via Pje para contagem de prazo recursal. https://t.co/9rT9ahphNq
2018-03-16 00:44:01,@Lucas_pje pq meu amorr
2018-03-16 00:00:23,"@_amandavalverde eu acho projudi muito melhor!! O PJe n√£o √© horr√≠vel, mas qnd se coloca ao lado de programas como e‚Ä¶ https://t.co/MewCh2B9q1"
2018-03-15 23:53:02,RT @CNJ_oficial: üíª‚è©‚öñ Processo Judicial Eletr√¥nico (#PJe) tem tramita√ß√£o 48% mais r√°pida em compara√ß√£o com processo f√≠sico: https://t.co/TEF‚Ä¶
2018-03-15 23:49:37,@belinipatricia Pje sucks. S√≥ n√£o consegue ser pior que PROJUDI.
2018-03-15 23:44:41,"vendo verba trabalhista percebo que eu n√£o s√≥ preciso de um curso do PJe Calc, mas tamb√©m, de um sobre matem√°tica b√°sica"
2018-03-15 23:11:10,Se algum dia eu achei que algum macho me fazia passar muita raiva foi pq eu ainda n√£o conhecia o PJE. Que INFERNO!!!!
2018-03-15 22:40:27,"PJE, como vc me irrita..."
2018-03-15 22:28:04,"caraio n√£o to conseguindo acessar a porra do pje puta merdaDeus me livre de advocacia"
2018-03-15 22:12:43,RT @CNJ_oficial: üíª‚è©‚öñ Processo Judicial Eletr√¥nico (#PJe) tem tramita√ß√£o 48% mais r√°pida em compara√ß√£o com processo f√≠sico: https://t.co/TEF‚Ä¶
2018-03-15 21:58:56,RT @CNJ_oficial: üíª‚è©‚öñ Processo Judicial Eletr√¥nico (#PJe) tem tramita√ß√£o 48% mais r√°pida em compara√ß√£o com processo f√≠sico: https://t.co/TEF‚Ä¶
2018-03-15 20:24:59,RT @TSEjusbr: E o TSE adotou o PJe desde o ano de 2015. üôÇ https://t.co/XUlJwzc7CE
2018-03-15 20:23:47,RT @CNJ_oficial: üíª‚è©‚öñ Processo Judicial Eletr√¥nico (#PJe) tem tramita√ß√£o 48% mais r√°pida em compara√ß√£o com processo f√≠sico: https://t.co/TEF‚Ä¶
2018-03-15 20:09:09,RT @CNJ_oficial: üíª‚è©‚öñ Processo Judicial Eletr√¥nico (#PJe) tem tramita√ß√£o 48% mais r√°pida em compara√ß√£o com processo f√≠sico: https://t.co/TEF‚Ä¶
2018-03-15 20:05:55,RT @CNJ_oficial: üíª‚è©‚öñ Processo Judicial Eletr√¥nico (#PJe) tem tramita√ß√£o 48% mais r√°pida em compara√ß√£o com processo f√≠sico: https://t.co/TEF‚Ä¶
2018-03-15 20:04:44,E o TSE adotou o PJe desde o ano de 2015. üôÇ https://t.co/XUlJwzc7CE
2018-03-15 20:04:33,RT @CNJ_oficial: üíª‚è©‚öñ Processo Judicial Eletr√¥nico (#PJe) tem tramita√ß√£o 48% mais r√°pida em compara√ß√£o com processo f√≠sico: https://t.co/TEF‚Ä¶
2018-03-15 20:03:52,RT @CNJ_oficial: üíª‚è©‚öñ Processo Judicial Eletr√¥nico (#PJe) tem tramita√ß√£o 48% mais r√°pida em compara√ß√£o com processo f√≠sico: https://t.co/TEF‚Ä¶
2018-03-15 20:02:20,RT @CNJ_oficial: üíª‚è©‚öñ Processo Judicial Eletr√¥nico (#PJe) tem tramita√ß√£o 48% mais r√°pida em compara√ß√£o com processo f√≠sico: https://t.co/TEF‚Ä¶
2018-03-15 20:00:39,Processo Judicial Eletr√¥nico #PJe √© apresentado em Visconde do Rio Branco. https://t.co/09OCFOWDNY https://t.co/8B1wQ8bKcp
2018-03-15 20:00:01,üíª‚è©‚öñ Processo Judicial Eletr√¥nico (#PJe) tem tramita√ß√£o 48% mais r√°pida em compara√ß√£o com processo f√≠sico:‚Ä¶ https://t.co/qDZ2vAXYRb
2018-03-15 19:46:31,"O PJe √© t√£o, mas t√£o ruim que exige que se coloque a Pol√≠cia Federal (????) como parte autora na hora de cadastrar uma den√∫ncia."
2018-03-15 19:26:43,"@devrsantos_89 O valor que foi colocado no processo √© de R$ 200 milh√µes:

""...quando, na realidade, busca a sua tra‚Ä¶ https://t.co/8DaBEGtJH4"
2018-03-15 18:30:01,"üñ• Conhe√ßa o SIF, sistema que permite a emiss√£o de boleto de dep√≥sito judicial no #PJe üñ• https://t.co/aRVg2NEXUF https://t.co/Ay9CZx942l"
2018-03-15 18:29:07,manchete de todos os jornais do pa√≠s amanh√£: ‚Äúservidor do TRT4 destr√≥i patrim√¥nio p√∫blico em acesso de raiva causado por sistema PJe‚Äù
2018-03-15 16:30:02,ü•á @TRT3imprensa ser√° o primeiro Regional entre os considerados de grande porte a implantar integralmente o #PJe 2.0‚Ä¶ https://t.co/XOLHVwZvdV
2018-03-15 15:09:51,RT @csjt_oficial: üÜï ‚öô Nova ferramenta permite emiss√£o de boleto de dep√≥sito judicial diretamente no #PJe ‚öô https://t.co/aRVg2NEXUF https://‚Ä¶
2018-03-15 14:00:33,Processo Eletr√¥nico (PJe) tem tramita√ß√£o mais r√°pida no Judici√°rio¬† - https://t.co/t9FlfYYeck
2018-03-15 13:44:59,@tjmgoficial PJe √© diferente de outros tribunais. Peticionei pedindo habilita√ß√£o num processo mas n√£o recebi o prot‚Ä¶ https://t.co/QHToUp4zKd
2018-03-15 13:40:44,Processo Eletr√¥nico (PJe) tem tramita√ß√£o mais r√°pida no Judici√°rio https://t.co/4b5qtBlcGs
2018-03-15 13:02:44,PJE ME DEIXA LOGAR PORR https://t.co/JF0mvBdrhc
2018-03-15 12:13:58,TRE CE 13/03/2018 - PJe ter√° 10 novas classes processuais de uso obrigat√≥rio no TRE-CE. #pje #cabellonews‚Ä¶ https://t.co/dnfrd2wKQM
2018-03-15 12:10:57,TRE MT 14/03/2018 - TRE oferece treinamento do PJe aos advogados; inscri√ß√µes est√£o abertas. #pje #cabellonews‚Ä¶ https://t.co/pTebQIWAvH
2018-03-15 12:07:03,Processo Eletr√¥nico (PJe) tem tramita√ß√£o mais r√°pida no Judici√°rio https://t.co/yHcdEIfWvZ
2018-03-15 11:53:39,TST 14/03/2018 - Deser√ß√£o causada por autentica√ß√£o ileg√≠vel em guia de dep√≥sito recursal √© afastada por Turma do TS‚Ä¶ https://t.co/XKdQCSQNS4
2018-03-15 11:50:32,TRT 18 14/03/2018 - Certid√£o de indisponibilidade ‚Äì 13/03/2018. #pje #cabellonews https://t.co/U0ni2I4PaB https://t.co/abknx09pDm
2018-03-15 11:48:33,TRT 15 14/03/2018 - Curso promovido pela Escola Judicial apresenta a magistrados e servidores a vers√£o 2.0 do Proce‚Ä¶ https://t.co/6sb0OG4szs
2018-03-15 11:41:35,CNJ 15/03/2018 - Processo Eletr√¥nico (PJe) tem tramita√ß√£o mais r√°pida no Judici√°rio. #pje #cabellonews¬† -‚Ä¶ https://t.co/GcdXe3mjzx
2018-03-15 11:38:38,TJ MG 14/03/2018 - PJe √© apresentado em Visconde do Rio Branco. #pje #cabellonews https://t.co/8wTaGDHrWb https://t.co/ANJ53BRdPY
2018-03-15 11:34:41,TRT 05 14/03/2018 - Nova vers√£o do PJe: treinamento suspender√° expedientes em algumas unidades do TRT5. #pje‚Ä¶ https://t.co/zFQSqZwAJl
2018-03-15 10:14:13,Processo Eletr√¥nico (PJe) tem tramita√ß√£o mais r√°pida no Judici√°rio¬† https://t.co/bMpxv8UMFA https://t.co/vJmg5gr75U
2018-03-15 07:30:33,Deve est√° tentando acessar o PJe. https://t.co/YNKmIN3CWP
2018-03-15 02:01:11,RT @csjt_oficial: #PJe 2.0 ser√° implantado em toda justi√ßa trabalhista mineira https://t.co/uCfT252IEB https://t.co/YkLbNUMb5n
2018-03-15 01:33:35,RT @csjt_oficial: #PJe 2.0 ser√° implantado em toda justi√ßa trabalhista mineira https://t.co/uCfT252IEB https://t.co/YkLbNUMb5n
2018-03-15 01:31:15,RT @csjt_oficial: üÜï ‚öô Nova ferramenta permite emiss√£o de boleto de dep√≥sito judicial diretamente no #PJe ‚öô https://t.co/aRVg2NEXUF https://‚Ä¶
2018-03-15 01:13:46,RT @csjt_oficial: üÜï ‚öô Nova ferramenta permite emiss√£o de boleto de dep√≥sito judicial diretamente no #PJe ‚öô https://t.co/aRVg2NEXUF https://‚Ä¶
2018-03-15 01:05:22,RT @csjt_oficial: #PJe 2.0 ser√° implantado em toda justi√ßa trabalhista mineira https://t.co/uCfT252IEB https://t.co/YkLbNUMb5n
2018-03-15 00:41:54,RT @csjt_oficial: üÜï ‚öô Nova ferramenta permite emiss√£o de boleto de dep√≥sito judicial diretamente no #PJe ‚öô https://t.co/aRVg2NEXUF https://‚Ä¶
2018-03-15 00:30:00,üÜï ‚öô Nova ferramenta permite emiss√£o de boleto de dep√≥sito judicial diretamente no #PJe ‚öô https://t.co/aRVg2NEXUF https://t.co/v1iIV7Cc1F
2018-03-14 23:00:02,#PJe 2.0 ser√° implantado em toda justi√ßa trabalhista mineira https://t.co/uCfT252IEB https://t.co/YkLbNUMb5n
2018-03-14 20:50:00,"Ser advogado √© o m√°ximo sim, voc√™s j√° entraram no sistema PJE? √â de chorar."
2018-03-14 19:53:16,"Depois de um m√™s sem PJE, eis que a internet resolve n√£o ajudar voc√™ a trabalhar üòí"
2018-03-14 19:37:50,RT @TST_Oficial: Publica√ß√£o em Di√°rio Eletr√¥nico prevalece sobre intima√ß√£o via PJe para contagem de prazo recursal https://t.co/1afnJ9siQN‚Ä¶
2018-03-14 19:35:00,Turma afasta exig√™ncia de apresenta√ß√£o de contesta√ß√£o via PJe antes da audi√™ncia - Not√≠cias - TST https://t.co/FFx68WzXT2
2018-03-14 19:18:58,"O TRT 12 (SC) apresentou hoje o novo sistema de c√°lculo trabalhista ""PJe Calc Cidad√£o"". A reuni√£o contou com a pres‚Ä¶ https://t.co/YqvDq5JZLf"
2018-03-14 18:24:55,"TRE oferece treinamento do PJe aos advogados; inscri√ß√µes est√£o abertas
https://t.co/hcSlvTlXLZ https://t.co/u3wFBiyICO"
2018-03-14 18:11:00,hoje essa princesa chamada PJe resolveu funcionar
2018-03-14 17:55:05,RT @TST_Oficial: Publica√ß√£o em Di√°rio Eletr√¥nico prevalece sobre intima√ß√£o via PJe para contagem de prazo recursal https://t.co/1afnJ9siQN‚Ä¶
2018-03-14 17:46:15,https://t.co/fdO9eAKpLg da comarca de Juara passa a ter PJe para agilizar tramita√ß√£o de processos
2018-03-14 17:36:21,https://t.co/fdO9eAKpLg da comarca de Juara passa a ter PJe para agilizar tramita√ß√£o de processos https://t.co/cjUUbPLIGK
2018-03-14 15:16:16,@luisamedeiros O meu tamb√©m...acho que o mais pesado eh o PJE
2018-03-14 14:37:53,"@luisamedeiros J√° cogitei at√© um MAC, mas se o Windows j√° d√° problema com o PJE, vc imagine o Mac..."
2018-03-14 13:31:09,"Me aconselharam a n√£o reprimir meus sentimentos e expressar tudo que sinto. Ent√£o l√° vai: eu te ODEIO, PJe!"
2018-03-14 13:27:52,"pra quem nao sabe PJE √© nosso sistema de peticionamento eletronico.. super lento, vive dando problema, a gente perd‚Ä¶ https://t.co/uLVXUHjLF4"
2018-03-14 13:26:55,amo advogar mas meu deus do ceu corta pra parte q tenho estagiario pra fazer a parte chata.. odeio PJE
2018-03-14 13:21:20,Gostei de um v√≠deo @YouTube https://t.co/J6sYlkQwcT WrestleMania 34: The Fabulous Moolah Memorial Battle Royal - Official Match
2018-03-14 13:19:18,"Senhor Jesus, ilumina esse PJe do TJRN por favor, am√©m."
2018-03-14 13:17:16,Juristas 13/03/2018 - Por que √© t√£o dif√≠cil punir golpes aplicados via Whatsapp?. #pje #cabellonews‚Ä¶ https://t.co/mTHjOMPy7H
2018-03-14 13:11:35,@shcablau DESENHA NA CARA DELE!
2018-03-14 13:05:46,Pje t√° lento demais!!!
2018-03-14 13:02:50,TJ MT 13/03/2018 - Ju√≠zes e servidores recebem capacita√ß√£o sobre PJe. #pje #cabellonews https://t.co/A758V0k5eA https://t.co/yKjBtB7AX2
2018-03-14 13:01:26,"TST
 
    Publica√ß√£o no Di√°rio Eletr√¥nico prevalece sobre intima√ß√£o via Pje para contagem de prazo recursal... https://t.co/LbvC1hNrjj"
2018-03-14 13:00:52,TJ MT 13/03/2018 - PJe √© implantando em mais duas Comarcas. #pje #cabellonews https://t.co/nDFdH7FTPv https://t.co/13SGIYx5aF
2018-03-14 12:57:22,TJ CE 14/03/2018 - Portaria inclui unidades em interc√¢mbio de documentos oficiais por meio eletr√¥nico. #pje‚Ä¶ https://t.co/EdSG0Cwshp
2018-03-14 12:54:02,Gostei de um v√≠deo @YouTube https://t.co/gkoKm9c9GP da Podrera - Elton (Damn Youth) - S04E02
2018-03-14 12:50:10,TST 13/03/2018 - Projeto Wiki Nacional vai otimizar o fluxo do PJe de todo pa√≠s. #pje #cabellonews  https://t.co/V1appGtLJY
2018-03-14 12:49:12,Foto do relato. https://t.co/qvNwdokWeO
2018-03-14 12:47:54,"Eu amo o tj de PE porque ou √© fisico ou √© pje. Os outros estados ou esaj, projudi ou pje ou fisico. Mdsss q inferno"
2018-03-14 12:44:46,"Quando tu falta uma aula s√≥ e quando retorna, sua turma est√° fazendo um outro personagem no Blender.
#N√£oFaltemAula"
2018-03-14 12:40:15,TRT 05 14/03/2018 - Advogados conhecem novo sistema de notifica√ß√µes eletr√¥nicas para empresas. #pje #cabellonews‚Ä¶ https://t.co/IhhTjVzlVI
2018-03-14 12:36:10,TRT 14 13/03/2018 - Gera√ß√£o de boleto para dep√≥sito judicial na Justi√ßa do Trabalho pode ser feito atrav√©s do PJe.‚Ä¶ https://t.co/qoxhkEKyZc
2018-03-14 12:33:17,OAB RJ 12/03/2018 - TRT explica contagem de prazos com nova vers√£o do PJe. #pje #cabellonews‚Ä¶ https://t.co/ESkSYkwobN
2018-03-14 12:23:46,Withe people problem do dia: seria pedir demais q o PJE funcionasse no Mac? Pqpppppp
2018-03-14 11:47:48,"RT @victorhugo_85: Voc√™ #advogado, est√° com dificuldade na configura√ß√£o/instala√ß√£o do #Shodo no #PJe e demais sistemas Jur√≠dicos? Eu sou a‚Ä¶"
2018-03-14 11:39:19,RT @TST_Oficial: Publica√ß√£o em Di√°rio Eletr√¥nico prevalece sobre intima√ß√£o via PJe para contagem de prazo recursal https://t.co/1afnJ9siQN‚Ä¶
2018-03-14 11:11:25,"Voc√™ #advogado, est√° com dificuldade na configura√ß√£o/instala√ß√£o do #Shodo no #PJe e demais sistemas Jur√≠dicos? Eu s‚Ä¶ https://t.co/BXeAUlpUhy"
2018-03-14 10:06:35,RT @TST_Oficial: Publica√ß√£o em Di√°rio Eletr√¥nico prevalece sobre intima√ß√£o via PJe para contagem de prazo recursal https://t.co/1afnJ9siQN‚Ä¶
2018-03-14 09:54:39,RT @TST_Oficial: Publica√ß√£o em Di√°rio Eletr√¥nico prevalece sobre intima√ß√£o via PJe para contagem de prazo recursal https://t.co/1afnJ9siQN‚Ä¶
2018-03-14 07:33:28,RT @TST_Oficial: Publica√ß√£o em Di√°rio Eletr√¥nico prevalece sobre intima√ß√£o via PJe para contagem de prazo recursal https://t.co/1afnJ9siQN‚Ä¶
2018-03-14 02:48:40,RT @TST_Oficial: Publica√ß√£o em Di√°rio Eletr√¥nico prevalece sobre intima√ß√£o via PJe para contagem de prazo recursal https://t.co/1afnJ9siQN‚Ä¶
2018-03-14 01:53:01,@silviorfilho1 Pje office √© melhor
2018-03-14 01:33:14,RT @TST_Oficial: Publica√ß√£o em Di√°rio Eletr√¥nico prevalece sobre intima√ß√£o via PJe para contagem de prazo recursal https://t.co/1afnJ9siQN‚Ä¶
2018-03-14 00:44:48,RT @tjotahc: Gostei de um v√≠deo @YouTube https://t.co/GvOtldWYxB da Podrera - Elton (Damn Youth) - S04E02
2018-03-13 23:46:18,Nunca vi um sistema t√£o ruim. As vezes tento pensar a quem interessa insistir nesse tal de PJE https://t.co/v8SKNTLZ8n
2018-03-13 23:01:50,"Sa√≠ s√≥ agora, culpa do PJE"
2018-03-13 22:58:30,"RT @RoneyBoaMorte: Expans√£o, no PJe do TJMG, da Cita√ß√£o Eletr√¥nica para munic√≠pios em Minas Gerais a partir de 16/04/2018. (Rela√ß√£o de muni‚Ä¶"
2018-03-13 22:26:53,RT @TST_Oficial: Publica√ß√£o em Di√°rio Eletr√¥nico prevalece sobre intima√ß√£o via PJe para contagem de prazo recursal https://t.co/1afnJ9siQN‚Ä¶
2018-03-13 22:26:45,RT @TST_Oficial: Publica√ß√£o em Di√°rio Eletr√¥nico prevalece sobre intima√ß√£o via PJe para contagem de prazo recursal https://t.co/1afnJ9siQN‚Ä¶
2018-03-13 21:16:05,Gostei de um v√≠deo @YouTube https://t.co/GvOtldWYxB da Podrera - Elton (Damn Youth) - S04E02
2018-03-13 21:05:16,"aparentemente o pje do TRT6 me odeia 
mais de 24h tentando me habilitar em tr√™s processos e at√© agora: nada"
2018-03-13 20:53:43,RT @TST_Oficial: Publica√ß√£o em Di√°rio Eletr√¥nico prevalece sobre intima√ß√£o via PJe para contagem de prazo recursal https://t.co/1afnJ9siQN‚Ä¶
2018-03-13 20:16:05,O Processo Eletr√¥nico (PJe) apresentou per√≠odos de lentid√£o nesta ter√ßa-feira (13). Em raz√£o da dura√ß√£o do problema‚Ä¶ https://t.co/lE7zbra04W
2018-03-13 19:36:22,RT @TST_Oficial: Publica√ß√£o em Di√°rio Eletr√¥nico prevalece sobre intima√ß√£o via PJe para contagem de prazo recursal https://t.co/1afnJ9siQN‚Ä¶
2018-03-13 19:34:39,RT @TST_Oficial: Publica√ß√£o em Di√°rio Eletr√¥nico prevalece sobre intima√ß√£o via PJe para contagem de prazo recursal https://t.co/1afnJ9siQN‚Ä¶
2018-03-13 19:33:10,Acompanhando publica√ß√£o com d√≥ da colega que protocolou embargos no meu processo equivocadamente. Pje tem dessas coisas ainda... üòï
2018-03-13 19:31:36,N√£o tem raiva maior do que o PJE PUTA QUE PARIU
2018-03-13 19:27:05,@TST_Oficial H√° varas que n√£o publicam nada. √â complicado o advogado entrar no PJe todos os dias pra ver se tem prazo a cumprir.
2018-03-13 19:20:56,Gostei de um v√≠deo @YouTube https://t.co/f0Jf5a6KTY da Podrera - Elton (Damn Youth) - S04E02
2018-03-13 18:54:31,RT @TST_Oficial: Publica√ß√£o em Di√°rio Eletr√¥nico prevalece sobre intima√ß√£o via PJe para contagem de prazo recursal https://t.co/1afnJ9siQN‚Ä¶
2018-03-13 18:41:04,PJe ter√° 10 novas classes processuais de uso obrigat√≥rio no TRE-CE https://t.co/LFTVzpQ0xf https://t.co/xk03XBoOKa
